﻿Order_No,Share_Name,Share_Id,Quantity,BuyOrSell,PricePerShare,Customer_Id,Account,Front_Desk_Officer_id,Brach_Code,Trading_Charge,Exchange,Trade_Date_Time
O123456,TCS,T8590,100,B,1000,9488878,5234244,101,S4525,100,BSC,2022-05-11T10:30:52.208653
O834537,Infosys,I5667,200,B,1200,5234274,2345666,102,S4525,240,NSC,2022-05-11T10:50:51.208345
O643539,MarutiSuzuki,M2890,250,S,1500,8723469,3886414,103,S4529,375,NSC,2022-05-11T13:12:15.148709
O123466,TCS,T8590,200,S,1000,9488878,5234244,101,S4525,100,BSC,2022-05-11T10:50:30.208653
O834577,Infosys,I5667,400,B,1200,5234274,2345666,102,S4525,240,NSC,2022-05-11T11:44:22.243345
O643588,MarutiSuzuki,M2890,500,B,1500,8723469,3886414,103,S4529,375,NSC,2022-05-11T14:55:10.148709
